first_name,last_name,total_hours,company_name,job_title
Pauletta,Stood,33.46,"Hamill, Trantow and Terry",Chief Design Engineer
Ernaline,Shotbolt,35.49,Rippin-Dibbert,Financial Analyst
Felix,Halsho,42.99,McClure Group,Structural Analysis Engineer
Venita,Hayto,29.72,Mitchell Inc,Technical Writer
Brier,Figures,36.83,Pfannerstill-Prohaska,Structural Engineer
Mozes,Bulgen,31.26,Mayer-Gulgowski,Staff Scientist
Rosene,Hayden,43.44,"Crona, Stokes and Hilpert",Librarian
Mildrid,Pomphrett,36.82,Roberts Inc,Graphic Designer
Isabella,Austing,36.7,Gerlach-Price,Professor
Larisa,Merrgen,31.09,Grant LLC,Operator
Base,Bernot,46.63,"Fay, Hane and Grady",Teacher
Karoly,McLardie,29.26,Ernser and Sons,Mechanical Systems Engineer
Kip,McGregor,44.46,"Kautzer, Pfannerstill and Rau",Design Engineer
Laurent,Gunda,29.39,Green-Funk,Analyst Programmer
Marjie,Everleigh,40.19,Collier-Oberbrunner,Nurse
Avram,Dron,30.05,Kreiger-Metz,Statistician III
Willyt,Neighbour,36.24,Gorczany-Boyle,Legal Assistant
Marne,Petyanin,43.22,Luettgen-Zboncak,Dental Hygienist
Bernita,Allchorne,27.78,Roob-Balistreri,Chief Design Engineer
Beverly,Gioani,33.8,Marvin-Connelly,VP Product Management
Denney,Gaveltone,33.99,Cole-Dietrich,Assistant Manager
Cybill,Baudacci,33.51,"Prosacco, Crona and Langworth",Recruiting Manager
Brew,Blose,45.04,"Graham, Davis and Haag",Account Coordinator
Sharai,Rivenzon,25.32,Cole and Sons,Technical Writer
Friedrich,Biernat,39.52,Ruecker-Block,Research Associate
Kat,Jan,27.73,Fadel-Conn,Cost Accountant
Tye,De Mico,36.28,Goodwin Inc,Operator
Fallon,Wolffers,40.49,Farrell Group,Statistician III
Franny,Casburn,46.81,Osinski-Blick,Engineer I
Damita,Fraschetti,33.28,"Reynolds, Daniel and Barton",Biostatistician IV
Rosette,Sanham,34.21,Mosciski-Lang,Executive Secretary
Hebert,Chaloner,37.98,Kreiger Inc,Chief Design Engineer
Dusty,Crumpton,29.52,Lueilwitz and Sons,Chemical Engineer
Antons,Hoyes,44.12,Harber Inc,Clinical Specialist
Sayre,Kitcatt,35.3,Thompson-Schmeler,Safety Technician IV
Brunhilde,Vipan,42.55,Bechtelar-Rodriguez,Administrative Assistant I
Skippie,Izhak,38.09,Stanton-Weimann,Web Designer II
Madalyn,Aylward,35.98,"Fadel, Walker and Abshire",Physical Therapy Assistant
Horatia,Rennicks,37.19,Hessel Group,Data Coordinator
Lorant,Waldocke,44.68,Walsh-Prosacco,Associate Professor
Bettina,Palatini,28.22,"Crist, Haley and Windler",Operator
Cyndia,Hanson,28.35,Price LLC,Technical Writer
Yvon,Hartmann,38.78,"Konopelski, West and Smitham",Senior Financial Analyst
Leda,Frarey,39.2,"Haag, Wolf and Kris",Product Engineer
Shaun,Petran,40.54,Hauck-Trantow,Structural Analysis Engineer
Becky,Lamas,44.41,Balistreri Inc,Web Developer I
Darda,Coode,38.12,Nienow-Wuckert,Accountant III
Donny,Yon,45.37,Auer Inc,Nuclear Power Engineer
Frederigo,Zamorano,38.5,Hodkiewicz Group,Editor
Honor,Twitchett,31.91,"Walter, Kulas and Monahan",Help Desk Operator
Debora,Dellar,43.67,Kassulke Inc,Software Consultant
Merrile,Linck,46.71,"Klocko, Auer and Mertz",Account Executive
Alvy,Deschlein,27.34,Johns and Sons,Legal Assistant
Sauveur,Bengle,31.09,Beer-Botsford,Professor
Lester,Common,38.09,Kirlin-Von,VP Marketing
Adara,Shinfield,45.03,Maggio-Cormier,Quality Engineer
Thatch,Oseland,47.79,Morar and Sons,Physical Therapy Assistant
Marlene,Dominka,34.91,Hane Group,Marketing Assistant
Keane,Wittey,39.54,Rodriguez-Kuhlman,Web Designer II
Gary,McCrackem,30.87,Ratke and Sons,Tax Accountant
Lynett,Liver,42.31,Wolf-Buckridge,Pharmacist
Rowe,Courtier,35.45,Kuphal Inc,Electrical Engineer
Gabbie,Piggin,26.77,Medhurst and Sons,GIS Technical Architect
Kimberlee,Domenget,31.66,Bode-Romaguera,Operator
Mill,Robke,32.19,"Rau, Waelchi and Miller",Accounting Assistant IV
Kalie,Shipman,34.15,"Rice, Kiehn and Pagac",Human Resources Manager
Veronica,Craigmyle,37.81,"Hintz, Mann and Jacobs",Recruiter
Osborn,Wapol,41.37,"Roob, Littel and Hackett",Graphic Designer
Trey,Haberfield,28.28,Schinner Inc,Paralegal
Errol,Rissen,31.58,Hickle Group,Media Manager IV
Gordie,Whinney,47.5,"Labadie, Pfannerstill and Jacobi",Senior Editor
Jonell,Klossmann,45.76,"Williamson, Pagac and Kilback",VP Accounting
Fredia,Dowden,34.49,"Jerde, Beatty and Streich",Nurse Practicioner
Hilliary,Lissandri,26.95,Gleichner LLC,Senior Quality Engineer
Zachariah,Sowrey,31.05,Schneider-Kautzer,Structural Engineer
Pris,Skeermor,36.49,"Pacocha, O'Conner and Weber",Help Desk Technician
Quintilla,Bonifas,25.21,O'Hara-Stehr,Professor
Arvy,Geerdts,33.73,"Reichert, Abbott and Block",Database Administrator I
Chadd,Buttriss,35.4,Lehner and Sons,Assistant Media Planner
Hermina,Burgwin,34.86,Schamberger Inc,Paralegal
Nert,O'Cannan,35.33,"Funk, Lynch and Bechtelar",Graphic Designer
Hephzibah,Mobberley,47.57,Kshlerin-Erdman,Tax Accountant
Truda,Wikey,25.44,Monahan Inc,Dental Hygienist
Josy,Stibbs,30.15,D'Amore Group,Statistician II
Inglis,Kimbell,34.45,Pagac Inc,Desktop Support Technician
Ariella,Mauro,46.85,Dickinson Group,Human Resources Assistant IV
Jordain,Dendle,33.74,Jones Group,Engineer IV
Kate,Liptrod,35.6,Herzog LLC,Food Chemist
Darryl,Basilone,38.57,McDermott-Weissnat,Marketing Manager
Batholomew,Cuerda,34.78,"Bashirian, Bergnaum and Nikolaus",Nurse
Freeland,Yakubovics,32.67,Kassulke LLC,Programmer Analyst II
Burr,Raymen,42.05,Glover-Wiza,Sales Associate
Giulio,Larkkem,29.08,Wehner Group,Speech Pathologist
Rachel,Kimmel,46.29,Kuhic-Gulgowski,Director of Sales
Michal,Maruska,35.29,Kilback LLC,Desktop Support Technician
Evelyn,Maundrell,25.57,Beer-Heathcote,Financial Analyst
Fanni,Anan,46.38,"Orn, Koelpin and Goodwin",Operator
Winnifred,Zorzetti,47.76,Hoeger and Sons,Developer I
Roderic,Linsley,35.94,Heidenreich-Kovacek,Dental Hygienist
Kaine,Kimpton,34.17,Fay Inc,Internal Auditor
Art,Bech,46.04,"Carter, Turner and Hilpert",Cost Accountant
Amalea,Thurner,28.37,Leuschke-Abshire,Senior Cost Accountant
Collette,Sword,32.77,"Schaefer, Zulauf and Larson",Environmental Tech
Hannah,Baily,38.71,Swift and Sons,Sales Representative
Jillayne,Mauger,42.85,"Reichel, Towne and Blick",Environmental Specialist
Erika,Carlino,33.61,Crist-Flatley,Programmer I
Yolanthe,Doddemeade,43.75,"Sipes, Cremin and Crooks",Senior Sales Associate
Martelle,Ikin,46.03,Torphy Inc,Compensation Analyst
Tito,McVicker,25.91,"Ullrich, Turner and Rath",Senior Developer
Traver,Mutter,35.42,"Gleichner, Kassulke and Parisian",Assistant Professor
Samara,Greenrod,35.69,Walsh-Weber,Product Engineer
Ilaire,Casbon,25.46,"Dicki, Rau and Murphy",Account Coordinator
Ardra,Van De Cappelle,36.69,"Brown, Ebert and Krajcik",Help Desk Technician
Catie,Coldicott,44.47,Bogan-Kessler,Financial Advisor
Shena,Hurdedge,41.48,"Glover, Lindgren and Weimann",Business Systems Development Analyst
Kala,Blown,25.4,"Wilderman, Feeney and Shanahan",Systems Administrator II
Dusty,Trinke,43.81,"Smitham, Berge and O'Keefe",Food Chemist
Ciro,Sissel,30.4,Kling-Hettinger,Environmental Specialist
Laraine,Skayman,39.21,Breitenberg-Gerlach,Professor
Aridatha,Dumbrall,34.59,Braun-Schaefer,Web Designer II
Deedee,Tinmouth,45.8,Nicolas and Sons,Senior Cost Accountant
Benedict,Iredell,33.05,Daugherty-Bogisich,Financial Advisor
Kellia,Lount,46.67,Graham Inc,Actuary
Cary,Reckhouse,35.88,"Jones, Ward and Lubowitz",Marketing Assistant
Herc,Flaune,26.47,Thompson and Sons,Legal Assistant
Jacintha,Sworne,43.21,Roberts-Leffler,Food Chemist
Liv,Crosier,37.64,"Walker, Feil and Morissette",Assistant Professor
Axe,Bancroft,36.41,Welch Inc,Actuary
Carolee,McCurt,41.7,Greenfelder and Sons,Engineer I
Collin,Conkay,34.28,Shanahan and Sons,Quality Control Specialist
Anni,Walshaw,25.16,Beier LLC,Accountant II
Gussy,Cockson,40.9,Feest-Sawayn,Account Executive
Barny,Mickleburgh,34.98,D'Amore-Medhurst,Assistant Media Planner
Sutton,Van Arsdall,30.7,Daugherty LLC,Payment Adjustment Coordinator
Ainslee,Hadaway,39.01,Von-Gislason,Recruiting Manager
Cale,Attwell,39.66,White and Sons,Operator
Virgie,Ebbings,31.57,Schuster-Ondricka,Staff Scientist
Phyllys,Cutridge,34.67,Kihn Inc,Nurse Practicioner
Carver,Basile,28.47,King LLC,Electrical Engineer
Sascha,Wagnerin,44.4,Rowe-Kessler,Associate Professor
Andres,Ludlam,27.68,"Kuphal, Bode and Walker",Graphic Designer
Ford,Weatherdon,25.2,Wintheiser-Kunde,Food Chemist
Wilfred,Swansborough,27.21,"Rolfson, Little and Gorczany",Human Resources Manager
Izabel,Watterson,28.92,"Schinner, Schmitt and Adams",Executive Secretary
Sophie,Koschke,32.39,Reilly and Sons,Senior Editor
Maddy,Romanski,43.1,Crooks Inc,Media Manager II
Blinni,Hasnney,26.23,"Beer, Prohaska and Bechtelar",Community Outreach Specialist
Bern,Commuzzo,44.91,Altenwerth-Ortiz,Internal Auditor
Michel,Bagger,30.84,Koch-Skiles,Associate Professor
Nehemiah,Melmar,43.65,Dooley-Fritsch,Environmental Tech
Dyanne,Dibden,41.92,"Wyman, Boyle and Shanahan",Technical Writer
Levon,Beden,46.28,Gibson LLC,Computer Systems Analyst II
Antonina,Payler,38.44,"Kuhn, King and Kerluke",Food Chemist
Jillian,Corradeschi,28.42,Douglas Group,Assistant Media Planner
Bourke,Turmell,28.94,"Stroman, Grady and Wyman",Help Desk Technician
Pernell,Simoni,31.5,Hintz Group,Cost Accountant
Maynard,Garretson,39.48,Waters LLC,Editor
Deena,Boughtwood,34.37,Berge and Sons,Pharmacist
Netta,Chetwin,37.31,Heaney-Hammes,Research Associate
Sissy,Moretto,47.05,"Upton, Rolfson and Schiller",Computer Systems Analyst I
Gamaliel,Ferrarin,42.47,"Schmeler, Rodriguez and Johnson",Research Nurse
Alisa,Sawnwy,28.23,"Yundt, Williamson and Bauch",Executive Secretary
Emeline,Heavyside,25.33,Moen and Sons,Help Desk Technician
Inger,Downe,29.24,Hickle-Corwin,Administrative Officer
Merline,Aherne,43.29,Hyatt-Considine,Help Desk Technician
Norbie,MacLaren,39.92,Ziemann-Greenholt,Design Engineer
Eleanora,McGreil,47.32,Beer Inc,Biostatistician III
Michael,Timpany,27.88,"Donnelly, Oberbrunner and Wunsch",Teacher
Carol-jean,Saint,42.65,"Harvey, Borer and Huel",VP Accounting
Adriena,Wilfing,37.26,Haag-Bashirian,Assistant Media Planner
Bartlett,Sieve,47.94,"Parker, Krajcik and Runte",Nurse
Dalia,McCaughey,46.83,"Luettgen, Macejkovic and Gorczany",Associate Professor
Myron,Norwood,37.42,"Hodkiewicz, Balistreri and Prosacco",Software Consultant
Blair,By,28.45,Gottlieb-Barrows,Office Assistant II
Morty,Laudham,32.2,"Rau, Walsh and Towne",Engineer I
Edvard,Ogg,43.44,Heaney-Lebsack,Data Coordinator
Cull,Snap,46.87,McCullough-Stoltenberg,Software Engineer IV
Joy,Leveret,47.91,Bayer-Graham,Quality Control Specialist
Stacy,Ricketts,34.31,Gleason Inc,Senior Financial Analyst
Gasper,Carreyette,35.02,Bergnaum Inc,Chief Design Engineer
Verile,Gilardoni,46.81,Blick LLC,Accountant II
Padriac,Bediss,47.14,Barton LLC,Budget/Accounting Analyst II
Rena,Gotch,40.81,Graham-Bahringer,Senior Sales Associate
Nada,Gagg,38.06,Schiller Inc,Nuclear Power Engineer
Minne,Strethill,37.12,Considine-Volkman,Research Associate
Kaycee,Sherborne,41.88,Parker-Huels,Programmer Analyst I
Laurena,Loyd,28.19,Kozey-Mosciski,Senior Cost Accountant
Kaye,Baughen,31.94,Friesen and Sons,Sales Representative
Jammie,Barthram,33.03,Stoltenberg-Corkery,Senior Quality Engineer
Demetrius,Fessions,31.21,"McClure, Wolff and Skiles",Data Coordinator
Karly,Millgate,45.7,Parker Inc,Office Assistant II
Ricki,Sysland,46.14,Schuster Group,Research Associate
Celestine,Dudney,33.5,Bogisich-Orn,Office Assistant II
Adrian,McNamee,26.79,Corwin-Marks,Clinical Specialist
Marrilee,Gatteridge,40.53,Hintz-Jakubowski,Research Assistant I
Emerson,Percy,35.43,Mitchell LLC,Social Worker
Fionnula,Reynoldson,40.6,Reilly and Sons,Professor
Vittoria,Goves,40.1,Bogan-Moore,Internal Auditor
Deerdre,Brute,43.78,Thompson-Spinka,Senior Cost Accountant
Eugenio,Hintze,43.56,Hilpert and Sons,VP Marketing
Tucker,Jaggard,31.23,Parker Group,Business Systems Development Analyst
Crissy,Elstub,25.99,Aufderhar and Sons,Community Outreach Specialist
Nettie,Bradneck,47.49,Welch-Nader,Structural Engineer
Wini,Ruste,42.2,Kunde-Heller,Legal Assistant
Baudoin,Aldin,41.43,"Haag, McKenzie and Dare",Budget/Accounting Analyst II
Yvor,Sandwich,41.15,"Torp, Rippin and Kautzer",Sales Representative
Odo,Melsome,45.9,"Gorczany, Berge and Nienow",Civil Engineer
Moreen,Pasque,33.98,"Boyle, Schumm and Schimmel",Business Systems Development Analyst
Tracy,Petherick,27.56,Cummings Inc,Data Coordinator
Celia,Roger,42.94,Rath-Schmidt,Research Associate
Willette,Ibbs,25.13,"Stehr, Murphy and Torphy",Research Nurse
Lynnette,Vasilik,38.27,Kirlin Group,VP Marketing
Anabal,Billows,32.37,"Feest, Schuppe and Stanton",Business Systems Development Analyst
Inglebert,Stenton,25.16,Cole and Sons,Sales Associate
Mathe,Karlqvist,26.3,"Schroeder, Weissnat and Von",Automation Specialist I
Lois,Lewsey,45.02,Reynolds-Mante,Marketing Assistant
Bert,Orcas,39.02,O'Kon Group,Assistant Professor
Deck,Holde,46.79,Kris-Willms,Environmental Specialist
Karel,Starie,33.71,Schiller LLC,Registered Nurse
Alikee,Gilli,29.14,Schinner-Sporer,Data Coordinator
Niel,Feige,38.13,Terry-Larson,Health Coach IV
Isabelle,Allworthy,29.24,Schultz Inc,Structural Engineer
Gaby,Crellin,31.99,"Kilback, Conroy and Zboncak",Programmer Analyst I
Butch,Hebbs,44.79,"Lind, Lubowitz and Bergstrom",Assistant Manager
Roger,Algie,37.95,Kerluke LLC,VP Marketing
Emera,Vaggs,35.17,D'Amore-O'Connell,Librarian
Gamaliel,Steinson,39.69,Medhurst Inc,Structural Engineer
Myrna,Laidlow,42.91,"Hammes, Schaefer and Goldner",Assistant Media Planner
Alexio,Btham,36.95,Rempel and Sons,Dental Hygienist
Brooks,Grigoletti,27.02,"Cummerata, Ortiz and Satterfield",Quality Engineer
Mercy,Goddman,27.49,"Gottlieb, Green and Keeling",Teacher
Shurlock,Melley,30.04,MacGyver and Sons,Quality Control Specialist
Burl,Basnall,36.14,"Harris, Mertz and Goldner",Analyst Programmer
Tedmund,Probate,43.87,"Hand, Runolfsson and Hagenes",Account Coordinator
Jabez,Wallsam,45.07,"Kiehn, Haley and Prohaska",Accountant II
Alonzo,Westgate,37.44,Herzog Inc,Research Nurse
Michal,Casetti,37.98,Schimmel-O'Conner,Structural Engineer
Maison,Babin,32.99,Parker Inc,VP Product Management
Corina,Seater,45.86,Hartmann-Keebler,Budget/Accounting Analyst I
Ninon,Alcott,42.71,"Jakubowski, Cassin and Stamm",Electrical Engineer
Vladimir,Hegg,25.87,Purdy Group,Data Coordinator
Revkah,Belitz,32.37,"Runte, Steuber and Herzog",Software Test Engineer III
Sapphire,Braganca,31.54,Carroll-Schulist,Electrical Engineer
Lettie,Bowick,42.31,Daniel-Hansen,Administrative Assistant III
Ambrose,Barbera,38.29,Roob-Schoen,VP Product Management
Charmaine,Aarons,40.8,Mueller LLC,Speech Pathologist
Mitzi,Goulbourne,46.81,Farrell LLC,Analyst Programmer
Ingeberg,Mushett,41.02,"Cormier, Brakus and Mosciski",Chemical Engineer
Maritsa,Clulow,31.18,Koch-Jast,Paralegal
Xymenes,Elgie,25.89,"Mueller, Runolfsdottir and Rowe",Financial Advisor
Ellery,Poizer,45.19,Hand Inc,Actuary
Correy,Smead,33.63,Kris Group,Actuary
Palm,Craddock,47.52,"Torp, Runte and Gorczany",Quality Engineer
Elonore,Reolfi,38.34,Frami-Koch,Community Outreach Specialist
Gerhard,Cleverley,26.6,Stroman-Walsh,Human Resources Manager
Ilaire,Spilsted,43.36,Beier Group,Media Manager I
Anita,Jameson,36.27,Stanton Group,Software Engineer III
Zarla,Goodlife,36.79,"Cremin, Wolff and Collier",Software Consultant
Hersch,Keith,47.2,McDermott Inc,Administrative Officer
Gav,Tackle,43.13,Lebsack Group,Media Manager III
Krisha,Skirvin,35.1,Lockman Group,Payment Adjustment Coordinator
Lonni,Skillen,34.13,Bernhard-Nikolaus,Safety Technician II
Dagmar,Woliter,46.19,Jones Inc,Office Assistant II
Valentine,Tonkinson,39.11,Tremblay-Smitham,Financial Advisor
Fayre,Rowes,36.18,"O'Reilly, Jacobs and Mertz",Associate Professor
Karissa,Hubberstey,41.14,O'Keefe Group,Librarian
Shantee,Gymblett,43.94,Buckridge-Schowalter,Staff Scientist
Natividad,Dunridge,33.67,"Dare, Goyette and Emmerich",Assistant Professor
Alvin,Tatteshall,34.23,"Doyle, Nolan and Ferry",Senior Sales Associate
Cristen,Walkden,40.42,"Mante, Ward and Sporer",Assistant Manager
Gretal,Byway,41.66,Carter-Schamberger,Structural Engineer
Fred,Heelis,27.43,Legros-Jast,Software Engineer IV
Rik,Sherme,29.85,Bergnaum Group,Nuclear Power Engineer
Babbie,Jandac,31.03,Hansen Group,Programmer Analyst IV
Abelard,Skeats,32.4,Nader Inc,Web Developer IV
Bert,Ziebart,37.74,Buckridge-Baumbach,Environmental Specialist
Denyse,Lewson,40.45,Reynolds LLC,Mechanical Systems Engineer
Anica,Cuxon,36.81,Fisher Inc,Executive Secretary
Tedi,Boydon,31.2,Muller and Sons,Software Consultant
Bob,Mingard,32.01,"Kohler, Langworth and D'Amore",Statistician IV
Melisa,Corp,30.42,Schimmel and Sons,Web Designer II
Miquela,Crickmore,29.91,"Green, Fahey and Murazik",Nurse
Ruprecht,Artindale,47.19,Dicki and Sons,Professor
Kane,Haile,26.54,Thiel LLC,Project Manager
Jone,Morant,35.44,Gorczany-Conn,VP Marketing
Gib,McWard,43.81,"Rohan, Schaefer and Altenwerth",Account Coordinator
Grayce,Bill,31.62,"Bins, Beier and Turcotte",Financial Analyst
Arni,Langham,32.47,Douglas-Cronin,Cost Accountant
Minetta,Dugald,39.07,Abshire LLC,Speech Pathologist
Candie,McGaugie,35.92,"Leffler, Bruen and Denesik",Geologist I
Maggy,Wagner,40.97,Turner Inc,Operator
Leesa,Hostan,30.68,Bauch-Tremblay,Assistant Media Planner
Flory,Jozsika,46.71,Considine-Leuschke,Research Nurse
Mar,Kurt,38.71,Schoen-Langworth,Chemical Engineer
Ruthi,Nevins,32.7,"Jenkins, Boyer and Howell",Environmental Specialist
Niccolo,Turland,40.62,Cummerata-Considine,Operator
Kendall,Scrivens,47.98,Purdy-Runte,Chemical Engineer
Gaultiero,Dalley,36.32,Kuhic-Larson,Desktop Support Technician
Dene,Addionisio,29.67,Greenfelder-Bogisich,Project Manager
Stephannie,Linde,46.89,Marquardt and Sons,Software Engineer II
Petey,Beadles,36.7,McKenzie-Fahey,Assistant Professor
Donnie,MacGillavery,34.9,Jaskolski-Hoppe,Chemical Engineer
Jacquetta,Sollom,34.48,"Rohan, Schmeler and Waelchi",Programmer Analyst II
Fae,Roll,45.65,Huels Group,Senior Quality Engineer
Neville,Iacovozzo,45.0,"Ledner, O'Reilly and Corwin",Developer I
Flss,Rampley,46.43,Sporer LLC,Database Administrator I
Caroline,Cranston,41.95,"Boehm, Keebler and Renner",Computer Systems Analyst I
Hanna,Sporle,45.98,Abbott Inc,Geological Engineer
Lise,Aland,42.25,"Cummerata, Donnelly and Bruen",Nurse Practicioner
Saleem,Corgenvin,27.93,Satterfield and Sons,Paralegal
Emmit,Beilby,42.04,Stark-Rath,Marketing Assistant
Paulina,Tinman,33.23,Ziemann-Hettinger,Help Desk Technician
Margalo,Michin,37.56,Boyle-Walsh,Account Coordinator
Rodrick,Oylett,32.5,"Hilll, Stark and Bernhard",VP Sales
Hussein,Birchenough,36.58,Johns-Schaden,Administrative Assistant I
Kimberley,Bidewell,40.25,"Schaefer, Dare and Thompson",Physical Therapy Assistant
Hallsy,Farnill,43.68,Schultz Inc,Registered Nurse
Koenraad,Dow,39.89,"Block, Prohaska and Dibbert",Human Resources Assistant I
Leila,Tethcote,36.47,Nolan Inc,Chemical Engineer
Myrtie,Ravenhill,41.63,Johnston-Schulist,Programmer IV
Daron,Yedy,45.24,Jast-Hamill,VP Marketing
Marlowe,Ancketill,38.33,Littel and Sons,Design Engineer
Bary,Uglow,33.34,Kerluke Group,Systems Administrator III
Libby,McCorkindale,34.55,Gibson LLC,Geologist I
Brittaney,Clink,29.29,Flatley-Friesen,Registered Nurse
Carole,Downie,34.33,Deckow-Hane,Accounting Assistant II
Paolo,Boord,33.37,"Cremin, Johns and Langworth",Design Engineer
Rivalee,Birts,30.79,Wuckert Group,Help Desk Technician
Yolanda,Bartalin,33.26,Larson-Senger,Biostatistician II
Rudd,Jennaway,32.42,"Konopelski, Vandervort and Turner",Physical Therapy Assistant
Liliane,Trounce,44.25,Keebler Group,Account Representative I
Phillip,Broker,28.88,"Erdman, Wolf and Considine",Sales Representative
Carmelina,McEvay,35.83,Farrell LLC,Financial Analyst
Sterne,Boles,33.42,Mosciski-Raynor,Internal Auditor
Alene,Rushbury,41.31,McKenzie and Sons,Sales Associate
Maegan,Jasper,47.33,Ruecker LLC,Occupational Therapist
Baxter,Arrighi,28.73,Beahan and Sons,Design Engineer
Elden,Fardy,29.73,"McLaughlin, Mills and Grimes",Social Worker
Jeanine,Hassin,28.32,Doyle Inc,Actuary
Darrick,Izhaky,46.18,D'Amore LLC,Chemical Engineer
Stanford,Buxsy,45.02,Luettgen-Harris,Sales Associate
Winni,Thorndycraft,45.98,Hilll-Jenkins,Research Assistant III
Christean,Collison,43.83,Dooley Group,Food Chemist
Dara,Biggen,31.69,"Stroman, Walker and Mohr",Human Resources Assistant IV
Margaretta,Avo,30.51,"Becker, Durgan and Larson",Biostatistician III
Willis,Hanaford,36.64,Parker and Sons,Administrative Officer
Rainer,Roth,43.7,Wilderman LLC,VP Quality Control
Fonz,Kettlestringes,44.94,"Fadel, Breitenberg and Hammes",Information Systems Manager
Gypsy,Bontine,47.71,Durgan-Koch,Senior Quality Engineer
Fionna,Ager,26.24,"Bernhard, Nikolaus and Kautzer",VP Accounting
Pernell,Southard,41.28,Brekke LLC,Media Manager I
Meryl,Dayley,26.47,Ortiz-Kulas,Registered Nurse
Bendick,Brooks,36.37,"Schuppe, Ondricka and Schoen",Marketing Assistant
Sutherlan,Bryceson,33.42,"Baumbach, Lemke and Vandervort",Statistician III
Kurt,Dorricott,34.96,Maggio-Hane,Accountant I
Renado,Hew,31.27,"Brown, Hansen and Macejkovic",Assistant Professor
Mart,Rapinett,42.61,Braun Inc,Database Administrator II
Archer,Smedmoor,29.17,Kutch Group,Financial Advisor
Connie,Kleiser,40.81,Kling LLC,Media Manager I
Timotheus,Skippon,35.66,Adams and Sons,Geological Engineer
Inga,Sailor,25.73,"Windler, Carter and Murray",Information Systems Manager
Ingra,Suscens,37.86,Durgan-Mante,Technical Writer
Ervin,Truesdale,47.58,"Torphy, Waelchi and Schowalter",Budget/Accounting Analyst III
Adrian,Chadbourne,47.67,Haley and Sons,Nurse Practicioner
Hestia,Glentworth,27.74,Cole-Terry,Human Resources Manager
Keir,MacFadzan,30.49,Nienow-Dicki,Paralegal
Raimund,Semechik,29.59,"Lockman, Conroy and Jacobi",Internal Auditor
Claudine,Dunniom,36.18,"Russel, Wehner and Conroy",Web Designer II
Lucine,More,40.03,Ruecker-Batz,Product Engineer
Moyna,Fossord,26.75,"Funk, Botsford and Ullrich",Environmental Tech
Mureil,Addams,27.31,Friesen Inc,Graphic Designer
Kliment,Clail,43.56,"Reilly, Satterfield and Mayer",GIS Technical Architect
Codi,Eshelby,32.53,Marquardt Inc,Nurse Practicioner
Stephana,Stenning,36.54,Rodriguez LLC,Editor
Ottilie,Bradman,26.55,Gorczany-Klocko,Professor
Godfree,Gilluley,31.54,Zulauf LLC,Internal Auditor
Frances,Cowcha,25.15,McKenzie Inc,Staff Accountant I
Jakob,Connechie,33.98,"Wintheiser, Goodwin and Howe",Account Representative IV
Jerrilyn,Bottle,44.25,Krajcik-Senger,Geologist II
Shane,Mackrell,27.55,Spencer and Sons,Engineer I
Estelle,Tiner,31.57,Cronin LLC,Assistant Manager
Pris,Lippi,41.45,Mills-Corkery,Graphic Designer
Arlen,Trayes,33.43,Huels Group,Nuclear Power Engineer
Shelbi,Manion,45.37,Kutch-Stanton,VP Quality Control
Joete,Julian,29.39,Grimes Group,Geologist III
Cris,Wimpress,44.48,King-Hand,Associate Professor
Anny,McCathay,25.76,"Gislason, Ondricka and Bruen",Project Manager
Ewart,Dytham,26.57,O'Reilly and Sons,Account Representative II
Kim,Thody,29.3,Block-Weber,Software Engineer III
Stuart,Kighly,42.05,Runte and Sons,Web Designer I
Kim,Jessep,27.45,"Johnston, Raynor and Lockman",Data Coordinator
Phylys,Vasilyev,39.44,Botsford-Rosenbaum,Administrative Officer
Stanly,Guppy,40.47,Wuckert-Labadie,Quality Control Specialist
Dode,Gobel,34.42,Lueilwitz Group,Legal Assistant
Ann-marie,McAlpin,42.78,Greenfelder LLC,Staff Accountant IV
Erv,Clelland,27.94,Runolfsdottir-Larson,Biostatistician I
Milton,Faughey,36.61,"Stokes, Nicolas and Bernier",Environmental Tech
Franchot,Pardoe,35.78,Thompson LLC,Senior Sales Associate
Lilas,Zuan,47.82,"Crona, Rosenbaum and Renner",VP Marketing
Hasty,Wogden,33.96,Schiller Group,Registered Nurse
Cirstoforo,Stovin,42.31,Haag-Waelchi,Business Systems Development Analyst
Nikolas,Gaitskell,25.06,Klocko Group,Mechanical Systems Engineer
Murial,Scraney,34.19,Emard-Runolfsdottir,Tax Accountant
Chrysler,Aslett,30.38,Ritchie and Sons,Marketing Manager
Alonzo,Beasant,33.4,Dooley-Zemlak,Registered Nurse
Dorisa,Aggas,38.73,"McDermott, Jaskolski and Mills",Database Administrator IV
Malynda,Crut,29.28,Leannon-Glover,VP Marketing
Mattie,Oakwell,26.36,"Heaney, Vandervort and O'Connell",Operator
Noelani,Moodey,42.73,Weimann Group,Food Chemist
Mychal,Kleinhandler,37.03,Stokes-Hahn,Database Administrator II
Anni,Sunock,25.7,Schaden-Brekke,Librarian
Whitney,Pacheco,38.33,Green and Sons,Sales Representative
Breena,Carlson,43.37,"Stark, Schinner and Bartoletti",Statistician IV
Nicholas,Prevost,29.48,Abernathy LLC,Project Manager
Feliks,Younge,34.47,Bode Inc,Statistician II
Abie,Brodeur,25.89,Bahringer Group,Budget/Accounting Analyst II
Faustina,Koles,33.91,"Hickle, Heathcote and Hudson",Accounting Assistant I
Orson,Passion,37.97,"Torp, Collier and Runte",Senior Quality Engineer
Alano,Rawlcliffe,36.13,Langosh-Nolan,Tax Accountant
Alyson,Atterley,40.99,Emmerich-Krajcik,Senior Cost Accountant
Junie,Grindley,27.53,Schimmel-McCullough,Legal Assistant
Ingeborg,Bolam,33.08,"Anderson, Gorczany and Lind",Legal Assistant
Jobie,Strike,28.64,"Murphy, Hirthe and Wiegand",Sales Representative
Dasie,Chanter,42.23,Smith-McDermott,Desktop Support Technician
Leoine,Dresche,40.33,Schuppe and Sons,Nurse
Abdul,Romaynes,31.17,"Bradtke, Trantow and Shanahan",Software Consultant
Andrei,Mettrick,34.85,Tromp LLC,Automation Specialist III
Sharyl,Ruegg,33.73,Hoeger and Sons,Civil Engineer
Normy,Hathway,47.77,"Schumm, Quitzon and Bernhard",Help Desk Operator
Eolande,Stratley,28.19,Marvin-Gleason,Sales Representative
Stefano,Spillard,44.27,"Emard, Kemmer and Stroman",Environmental Specialist
Ailey,Cronk,37.11,"Willms, Berge and Stroman",Tax Accountant
Alyssa,Pandya,35.7,Raynor-Block,Product Engineer
Kylila,Olenchenko,43.1,Parisian LLC,Pharmacist
Kameko,Kemmish,43.9,Bode and Sons,Compensation Analyst
Benjamen,Rubke,38.96,Kessler-Spencer,Operator
Aaron,Duinkerk,33.88,"Bahringer, Jenkins and Wyman",Teacher
Nerissa,Robbs,32.78,"Stark, Abbott and Satterfield",Desktop Support Technician
Alain,Glitherow,45.12,"Konopelski, Rosenbaum and Doyle",Quality Engineer
Luke,Behrend,25.83,"Ebert, Kautzer and Wiza",Assistant Professor
Rochette,Matley,27.26,Mertz-Hackett,Community Outreach Specialist
Kelly,Filippozzi,28.1,Wolf-Greenfelder,Chemical Engineer
Ebba,Bootton,37.33,"Bernhard, Paucek and Senger",Accountant II
Jervis,Morecomb,37.46,Douglas-Larson,Social Worker
Brandise,Heningam,40.94,Roberts Group,Account Coordinator
Faythe,Cornwell,26.24,West LLC,Software Engineer II
Maxy,Riby,33.12,"Grant, Paucek and Greenfelder",Senior Sales Associate
Si,Gibbons,43.83,"Brekke, Renner and Kreiger",Senior Cost Accountant
Curtis,Rizzillo,41.48,Donnelly-Douglas,Administrative Assistant III
Damiano,Borris,47.65,Hudson and Sons,Project Manager
Rita,Swinnerton,41.56,Stroman and Sons,Executive Secretary
Gaelan,Gibbard,44.97,"Feil, Thompson and Hermiston",Financial Advisor
Mart,Clarke-Williams,29.34,"Schultz, Ferry and Miller",Information Systems Manager
Hendrik,Redshaw,40.48,Weber-Little,Senior Financial Analyst
Gennie,Browse,41.8,Ullrich and Sons,General Manager
Pancho,Pietrzak,47.29,Fay-Frami,Account Executive
Birgitta,Willbourne,26.7,"Marks, Kuhlman and Schaden",Chemical Engineer
Julianna,Rouch,34.63,Considine-Gutkowski,Software Consultant
Jodi,Henrion,36.09,Cummings LLC,Teacher
Georgia,MacIlriach,46.2,"Grant, Adams and Schamberger",GIS Technical Architect
Vittorio,Gislebert,28.4,Price Inc,Account Representative II
Gawen,Bartholin,37.82,"Leuschke, Nienow and Veum",Analyst Programmer
Delainey,Rive,41.25,"Rohan, Auer and Okuneva",Recruiting Manager
Krissy,Persey,45.8,"Wilderman, Witting and O'Hara",Analog Circuit Design manager
Denni,Lytlle,44.44,Johns-Lowe,Physical Therapy Assistant
Titos,Ganniclifft,33.43,Dooley-Rutherford,Software Engineer IV
Sherie,Whitby,28.83,Carroll LLC,Data Coordinator
Selle,Harcarse,25.41,"Reinger, Tromp and Gusikowski",Environmental Specialist
Chicky,Dohrmann,30.53,Parker Group,Senior Cost Accountant
Brett,Saltsberg,43.52,Bayer LLC,Developer III
Edmon,Farnall,42.76,Halvorson-Wisozk,Quality Engineer
Prince,Lowcock,26.37,Mohr and Sons,Software Engineer IV
Alix,Stredder,29.61,"Bauch, Green and Crist",Systems Administrator II
Bea,Loddon,36.64,Dare Group,Executive Secretary
Whit,Kissell,32.97,Wilderman-Dietrich,Tax Accountant
Greggory,Frankum,44.19,"Kunze, VonRueden and West",Environmental Specialist
Ashlee,Hanson,38.18,Leannon Inc,Marketing Manager
Bellina,Hallstone,31.43,Smith Group,Staff Scientist
Heywood,McGill,30.86,Strosin-Halvorson,Systems Administrator III
Gayla,Eisig,42.69,Wisozk LLC,Social Worker
Drusie,Genery,37.35,"Rodriguez, Osinski and Ziemann",Compensation Analyst
Gibby,Fagence,46.33,"Lockman, Ryan and Jacobson",Occupational Therapist
Robbi,Bernon,25.72,Reichel-Bins,Recruiter
Dorice,Pagin,45.79,Reichel and Sons,VP Sales
Chadwick,Frusher,46.41,"Mante, Kreiger and Funk",Desktop Support Technician
Elijah,Hove,41.94,"Crooks, Stark and Luettgen",Accountant III
Keefe,Morecomb,28.31,"Jacobi, Kirlin and Johnston",Nurse
Britney,Goulder,42.59,"Lebsack, Pfeffer and Lockman",Budget/Accounting Analyst III
Gretal,Compton,26.45,Hansen-Lesch,Mechanical Systems Engineer
Rasla,Firby,47.22,Pfeffer LLC,Mechanical Systems Engineer
Ardith,Heugh,34.48,"Labadie, Pacocha and McDermott",Accounting Assistant III
Emogene,Sole,42.47,Hoeger-Hackett,Financial Advisor
Murial,Sponer,30.8,Adams Group,GIS Technical Architect
Ciro,Noto,33.04,"Prohaska, Koepp and Smitham",Statistician I
Minne,MacPherson,47.84,Ritchie-Hartmann,Programmer III
Issy,Genery,44.06,Bogisich-Ryan,Data Coordinator
Randene,Hallt,33.53,"Emard, Kemmer and Wiegand",Geologist IV
Nancie,Franies,40.38,Kreiger Inc,Senior Editor
Sunny,Scohier,47.09,Koch-Torphy,Statistician IV
Robby,Chason,40.36,Roberts Group,Payment Adjustment Coordinator
Scotti,Pruvost,32.82,"Quitzon, Schamberger and Kirlin",Nurse Practicioner
Yankee,Paulino,31.74,"Cartwright, Lynch and Koelpin",Human Resources Manager
Britte,Stronough,31.37,Blick-McDermott,Quality Control Specialist
Olivia,Clutten,29.2,Macejkovic Inc,Payment Adjustment Coordinator
Ruperta,Whettleton,45.78,Larkin Group,VP Marketing
Ryley,O'Deoran,31.93,"Lesch, Carroll and Donnelly",Financial Advisor
Gerhardine,Coombes,46.38,Rice-Breitenberg,Environmental Specialist
Gasparo,Bollans,36.19,Wolff LLC,Director of Sales
Heriberto,Manneville,36.22,"Gleason, Nicolas and Reilly",Staff Accountant II
Federico,Clashe,34.95,"Mohr, O'Reilly and Lueilwitz",Senior Quality Engineer
Adena,Matchett,27.05,McLaughlin LLC,Software Consultant
Prisca,O' Borne,40.05,Wisoky Inc,Nuclear Power Engineer
Kippar,Benzi,33.67,Jerde Inc,Chief Design Engineer
Hildagarde,Landsberg,37.49,Feeney-Wilkinson,Electrical Engineer
Dorene,Learmonth,47.3,Flatley-Terry,VP Accounting
Sharl,Wyeld,41.61,"Kohler, Konopelski and Langosh",Recruiter
Tull,Poolton,35.85,"Roberts, Turner and Cartwright",Automation Specialist I
Nollie,Gallo,38.28,Wisoky Inc,Executive Secretary
Norma,Wainer,38.86,Nikolaus Group,Statistician I
Robenia,Lovegrove,27.56,Herman-Haley,Geological Engineer
Forrester,Di Claudio,44.52,"Graham, Fahey and Ziemann",Design Engineer
Kelley,Manktelow,35.54,"White, Crona and Schulist",Account Coordinator
Jobie,Boult,32.91,Kilback-Rogahn,Compensation Analyst
Zachariah,Maffeo,35.5,Lockman Inc,Sales Associate
Sukey,Beamond,28.43,"Kertzmann, Nicolas and Zieme",Assistant Media Planner
Tarrance,Cunde,38.41,Schowalter-Berge,Office Assistant III
Rhetta,Fitt,33.63,"Hoeger, Krajcik and Cronin",Senior Cost Accountant
Doe,Scandred,42.5,Gottlieb Inc,VP Quality Control
Gayle,Beddie,31.91,Considine-Koepp,Social Worker
Alfons,Orgill,32.44,"Prosacco, Lubowitz and Brekke",Account Executive
Silvana,Hembling,31.37,Klocko-Altenwerth,Graphic Designer
Antonie,Senton,46.97,Bins Inc,Clinical Specialist
Dorelle,Samper,38.41,"Barton, Jacobs and Feest",Media Manager II
Felike,Adamson,26.49,Windler-King,Software Engineer III
Saundra,Sowrah,36.24,Block Inc,Accounting Assistant I
Anselm,Klejna,43.91,Larkin LLC,Research Nurse
Chris,Gladyer,45.46,"Wunsch, Wilderman and Greenfelder",Payment Adjustment Coordinator
Frank,Bagley,47.98,"D'Amore, Rogahn and Keebler",Pharmacist
Mercie,Deathridge,34.21,"Ullrich, MacGyver and Kuvalis",Human Resources Manager
Rica,Backhurst,45.23,Block-Zieme,Recruiter
Adelina,Downe,26.78,Collier-Thompson,Health Coach I
Persis,Ilyas,37.81,Wilderman-Borer,Computer Systems Analyst III
Shela,Emblem,25.45,"Connelly, Anderson and Pagac",Technical Writer
Fern,St. Quentin,43.05,Hauck-Gulgowski,Help Desk Technician
Gene,Erwin,33.99,Schinner-Graham,VP Accounting
Carie,Dix,38.1,"Feest, Wyman and Schoen",Senior Quality Engineer
Kirk,Klimkovich,43.15,Beahan-Lang,Physical Therapy Assistant
Julina,Mulhall,35.57,"Langworth, Jacobson and Schimmel",Senior Financial Analyst
Karlan,Gerraty,41.03,Mayer Inc,Compensation Analyst
Montague,Plesing,31.52,"Witting, Wisoky and Will",Clinical Specialist
Salli,Joscelyn,28.77,Lueilwitz-Kozey,Assistant Media Planner
Nevin,Stockney,38.45,Dickinson Inc,Help Desk Technician
Saidee,Overshott,36.61,"Carroll, Shanahan and Roob",VP Product Management
Padriac,Bevir,38.98,Armstrong-Padberg,Senior Sales Associate
Faustine,Bellfield,46.51,Langosh-Hane,Actuary
Corly,Bartoszek,29.59,"Konopelski, Koch and Crist",Environmental Specialist
Sly,Clancy,30.73,Reynolds LLC,Clinical Specialist
Henryetta,Ivetts,38.89,Towne and Sons,Geologist II
King,Lalley,28.32,Hodkiewicz-Hartmann,Quality Control Specialist
Morton,Beaston,32.3,Ryan Inc,Engineer IV
Nicholle,Berford,43.94,"Hessel, Herman and Beier",Accounting Assistant III
Bernie,Hocking,25.71,Blick-Keeling,Chemical Engineer
Ronalda,Sotheron,26.51,Daugherty and Sons,Technical Writer
Cherilyn,Wentworth,26.7,O'Connell Group,Senior Sales Associate
Sydel,Oxer,26.73,"Sporer, Predovic and Walter",Automation Specialist I
Ruthe,Clayton,33.98,"Spencer, Miller and Bayer",Quality Engineer
Elyn,Venour,47.71,Krajcik and Sons,Database Administrator IV
Louie,Pasticznyk,37.15,"Goyette, Wilkinson and Bahringer",Account Representative II
Wilmar,Licciardello,35.31,"Herzog, Dach and Ryan",Internal Auditor
Sophronia,Del Dello,25.98,Schoen and Sons,Environmental Specialist
Maryl,Goomes,29.81,"Lehner, Swaniawski and Conroy",Marketing Manager
Dannye,Blackham,30.64,Stokes-Nader,Office Assistant II
Mildred,Gonzales,28.19,Breitenberg-Padberg,Engineer II
Abbie,Newiss,39.26,Erdman and Sons,Nuclear Power Engineer
Georgeanna,Hallward,44.32,Morar Inc,Biostatistician IV
Jae,Tesseyman,38.47,"Kemmer, Howell and Hagenes",Senior Cost Accountant
Berry,Blanshard,42.34,Welch-Fay,Analyst Programmer
Nappie,Frunks,26.16,Zulauf Inc,Help Desk Technician
Brigit,Rizzo,32.88,Parisian Inc,VP Quality Control
Corbet,Wingfield,27.22,Luettgen Inc,Information Systems Manager
Sarajane,Heiden,32.1,Gerhold Inc,Compensation Analyst
Batholomew,Fleeman,39.9,Gleason-O'Connell,Operator
Bridie,Mouland,31.55,"Romaguera, Hessel and Feest",Food Chemist
Julio,Hannay,37.83,Hoeger-Lakin,Structural Analysis Engineer
Annabela,Gorke,29.09,Treutel and Sons,Account Coordinator
Cyndi,Fouldes,33.19,Jacobson-Barrows,Developer I
Borden,Wanne,41.18,Quitzon-Hodkiewicz,Nurse
Dotti,Gower,26.08,Maggio-Kerluke,Paralegal
Pearline,Mouncher,28.91,"Cassin, Miller and Trantow",Sales Associate
Angelita,Beardsall,26.09,Gibson-Padberg,Social Worker
Ryon,Float,44.42,"Lubowitz, McKenzie and Heller",Senior Sales Associate
Wilma,Crock,37.19,"Langosh, Rolfson and Stokes",Teacher
Redford,O'Dogherty,32.04,Spencer-Toy,Nurse Practicioner
Clerissa,Yallop,26.97,"Kuvalis, Lubowitz and Terry",Assistant Media Planner
Delphine,Meharg,35.4,"Borer, Legros and Kilback",Account Coordinator
Lise,Pipe,34.53,"Sawayn, Goyette and Romaguera",Budget/Accounting Analyst II
Shurwood,Kevis,25.95,Jacobi-Abbott,Business Systems Development Analyst
Rosalia,Guerreru,46.83,Volkman-Feil,Account Coordinator
Jeannine,Hillborne,29.35,Moen LLC,Assistant Media Planner
Stephenie,Mawd,30.01,Lind LLC,Marketing Assistant
Seline,O' Lone,46.15,"Adams, Thiel and Ratke",Librarian
Marcos,Owain,25.33,Dicki-Murray,Civil Engineer
Giselle,Ioan,26.3,Zemlak Group,Automation Specialist IV
Buffy,Compston,38.73,Price-Monahan,Associate Professor
Carolina,Broomhead,27.47,"Stamm, Stiedemann and Rogahn",Dental Hygienist
Ileana,Matts,44.44,Frami-Shields,Project Manager
Damien,Beech,47.22,Bashirian and Sons,Desktop Support Technician
Aurel,Cristofol,43.67,"Lesch, Shanahan and Treutel",Mechanical Systems Engineer
Dona,Yeeles,42.65,Steuber-Legros,Assistant Manager
Vikky,McDuff,27.22,Crooks LLC,Sales Representative
Lyn,Churchard,43.78,Schneider Inc,Geologist I
Rossy,Downey,26.4,Cummings Group,Editor
Joanne,Smitherham,32.52,Rowe-Kemmer,Research Assistant II
Evonne,Kleynen,47.09,Sanford LLC,Teacher
Pandora,Treadgall,43.56,"Kertzmann, Dare and Aufderhar",Human Resources Manager
Catriona,Rangeley,29.53,"Bins, Lemke and Rice",VP Marketing
Kristyn,Brazur,28.81,Hodkiewicz Inc,Sales Associate
Ravid,Iorns,44.83,Hoppe-Abernathy,Structural Engineer
Gabriell,Nussii,41.52,"Rohan, Roberts and Casper",Librarian
Joella,Naul,33.6,Koch-Borer,Recruiter
Maxie,Rome,35.53,"Spinka, Wintheiser and Ankunding",Software Engineer II
Leia,Matthai,33.69,Sawayn LLC,Technical Writer
Rees,Sudlow,41.79,"Hane, Little and Blick",Cost Accountant
Joseito,Jancic,35.86,Collier and Sons,Structural Engineer
Brita,Gherardelli,30.69,Gorczany-Veum,Occupational Therapist
Augusta,Matley,25.4,"Willms, Beatty and Douglas",Automation Specialist III
Dina,Linsley,41.44,"Koelpin, Ernser and Cremin",VP Product Management
Vera,Parsonson,41.78,"Trantow, Heaney and Smitham",Media Manager IV
Dael,Dubs,44.06,Reichel-Okuneva,Payment Adjustment Coordinator
Cami,Daudray,32.05,Kunde-Abbott,Junior Executive
Phedra,Pehrsson,33.38,Tillman-Mitchell,Pharmacist
Jordana,MacCome,29.74,"Mayer, Kassulke and Cummerata",Software Consultant
Tonye,Saphir,33.29,Kihn LLC,Product Engineer
Christoph,Pendall,43.87,Wisoky-Lebsack,Safety Technician I
Lind,Mathew,46.48,Herzog-Veum,Marketing Assistant
Wallas,Rawlyns,28.07,Barrows LLC,Associate Professor
Tobin,Eagland,29.73,"Wolff, Grady and Deckow",Administrative Officer
Cherise,Waren,42.3,Schaefer-Koss,Programmer Analyst II
Bronnie,Orteau,28.99,"Rath, Harber and Kulas",Software Consultant
Ewell,Monkhouse,44.56,Skiles Group,Software Test Engineer II
Ashlen,Lewnden,31.26,"Howell, Schultz and Huels",Research Assistant III
Sean,Stokoe,33.05,Hahn Inc,Structural Engineer
Gabie,Milby,35.24,Windler LLC,Software Consultant
Carma,Priddey,30.02,Keeling-Hagenes,Legal Assistant
Clayborne,Pinxton,37.78,"Koelpin, Maggio and Shields",Senior Developer
Nicolle,Mattson,47.43,"Kozey, Hintz and Bode",Occupational Therapist
Romonda,Troughton,46.25,Crist-Considine,Design Engineer
Lula,Spencer,26.1,"Howell, Welch and Hoppe",Editor
Misha,Aliman,32.64,Balistreri LLC,Help Desk Operator
Britta,Blackwood,34.85,Mills-Orn,Nuclear Power Engineer
Konstanze,Drever,46.39,Daugherty Inc,Dental Hygienist
Norean,Guillem,27.0,"Wilkinson, Breitenberg and Gibson",Marketing Manager
Oberon,Casaccio,36.24,Sporer LLC,Office Assistant II
Philomena,Miko,33.37,"Orn, Jast and Steuber",Quality Engineer
Spenser,Markwell,36.39,Deckow-Champlin,Nurse
Oliviero,MacConnell,47.5,Little Group,Analog Circuit Design manager
Coral,Whittlesee,44.71,Feil Group,Database Administrator III
Hamel,Berrycloth,34.39,"Wyman, King and Weissnat",Accounting Assistant II
Emmie,Forsdike,46.35,Roberts-Rowe,Senior Cost Accountant
Chrissy,Purver,43.47,"Greenfelder, Kassulke and Smith",Senior Sales Associate
Dulciana,Franzke,30.53,Quitzon Group,VP Quality Control
Westley,Burgess,43.7,"Feeney, Quigley and Smith",Executive Secretary
Hamid,Pizer,39.45,Kuhn and Sons,Project Manager
Blake,Sargison,32.14,Cronin Group,Help Desk Technician
Hobart,Markwick,42.54,"Stracke, Rohan and Romaguera",Financial Advisor
Quintana,Uff,39.02,Gibson-Heathcote,Geological Engineer
Gianni,Hyams,27.4,Dooley and Sons,Software Consultant
Inger,Vanichkin,39.72,Smitham Group,Human Resources Assistant III
Blake,Sonley,45.43,Larkin-Zboncak,Financial Advisor
Taffy,Dowty,46.36,"Lindgren, Collier and Rowe",Geologist I
Rubina,De Zuani,28.06,Bayer and Sons,Junior Executive
Annmaria,Gooday,47.66,Dach-Dooley,Quality Control Specialist
Fanchette,Spivie,40.83,Johns and Sons,Analog Circuit Design manager
Boris,Dinnis,30.0,Kshlerin-Rice,Sales Associate
Dugald,Fairlamb,37.9,"Heathcote, Zieme and Quitzon",Executive Secretary
Deonne,Gownge,47.04,Nikolaus-Graham,Staff Scientist
Hadlee,Everil,41.74,Weissnat Inc,Financial Analyst
Virgina,Paxeford,36.79,"Bergstrom, Farrell and Beatty",Executive Secretary
Arch,Killerby,45.07,Robel and Sons,Automation Specialist II
Mohandas,Bierling,42.26,"Gislason, Nienow and Rutherford",Recruiting Manager
Carita,McKinnell,45.73,Grady-Powlowski,Dental Hygienist
Baxie,O'Tierney,41.0,Cummings-Bartell,Structural Engineer
Ariel,Teasdale,41.17,"Larkin, Mills and Jaskolski",VP Accounting
Dasie,Marchenko,32.64,"Lueilwitz, Herman and Gleichner",Data Coordinator
Dewitt,Hordle,32.93,Dare and Sons,Help Desk Operator
Abdel,McWilliam,34.79,Roob Inc,Community Outreach Specialist
Jereme,McIndoe,37.13,"Grady, Huel and Borer",Sales Representative
Amii,Leah,30.85,Dach-Keeling,Safety Technician IV
Lorry,Springthorp,32.07,Walker Inc,Biostatistician IV
Clarisse,Dalley,28.66,Lueilwitz and Sons,Pharmacist
Kevin,Gurys,31.9,"Schmitt, Parker and Bernier",Registered Nurse
Claudell,Jenicek,37.22,"Hickle, Veum and Kuhlman",Chief Design Engineer
Korella,Locke,45.97,McLaughlin-Lindgren,Professor
Emilie,Yemm,29.1,"Kreiger, Brakus and Kohler",Administrative Assistant II
Selby,Langworthy,47.65,Hauck-Stark,Assistant Media Planner
Dell,Kneath,27.62,Wuckert-Davis,Biostatistician III
Henrieta,Malins,35.37,Terry LLC,Senior Financial Analyst
Harley,McGloughlin,44.93,"VonRueden, Mitchell and Hermann",Assistant Media Planner
Dulcea,Dainter,42.88,Klocko LLC,Office Assistant II
Audry,Corps,30.12,"Balistreri, Jaskolski and Sanford",Web Designer I
Laney,Petticrow,42.02,Monahan-Breitenberg,Information Systems Manager
Ambur,Beevor,39.96,Stehr-Parker,Paralegal
Roger,Nealand,45.28,"Kihn, Feest and Grady",Librarian
Myrna,Camps,44.26,Ledner-Jenkins,Developer IV
Harriot,Seary,35.63,Reinger and Sons,Web Developer III
Ula,Bosward,36.96,"O'Keefe, Willms and Mayert",Staff Accountant II
Richard,Swiffen,44.49,"Hegmann, Stark and Kunze",Developer II
Ibby,Edy,43.15,"Kutch, Jones and Watsica",Food Chemist
Sherry,Worsnip,44.28,Schinner-Morissette,Programmer I
Shanna,Pablos,45.37,"Volkman, Crist and Emmerich",Senior Quality Engineer
Sidonnie,Matelyunas,46.97,Goldner-Jast,Senior Editor
Manuel,Bufton,44.24,Feil-Beatty,Environmental Tech
Adrienne,Rubinowitch,32.18,"Parker, Nikolaus and Moore",Budget/Accounting Analyst III
Nadia,Leathem,31.02,Crooks and Sons,Design Engineer
Linzy,Norcutt,46.33,Bauch LLC,Web Developer IV
Roxane,Martschik,42.79,Veum-Baumbach,Graphic Designer
Von,Wile,45.85,"Gottlieb, Jaskolski and Koelpin",Technical Writer
Elga,Danes,29.52,Marvin-Cormier,Automation Specialist I
Roxane,Sloley,32.35,Kuhic-Lueilwitz,Staff Accountant III
Alain,Kitchingman,42.52,Pfannerstill LLC,Dental Hygienist
Anny,Doudney,30.62,Gleichner Inc,Assistant Media Planner
Bentlee,Hatliff,35.64,Padberg-Rippin,Budget/Accounting Analyst II
Heida,Grane,44.16,Kris Inc,Developer I
Justine,Smissen,37.26,Brown-Grant,Geologist III
Leroy,Risbridge,36.3,"Brown, Marks and Farrell",Web Designer III
Jo,Conlaund,25.43,Gottlieb-Flatley,Nurse
Tildi,Rimer,30.17,"Borer, Jacobson and Gleichner",Assistant Professor
Cooper,Wallsworth,28.79,Lakin-Towne,Paralegal
Tessy,Goodrich,32.84,Streich Group,VP Accounting
Brinna,Buckley,31.64,White Inc,Legal Assistant
Minne,Panichelli,33.91,"Ruecker, Braun and Borer",Financial Analyst
Corney,Konzel,39.36,"Hilpert, Gulgowski and Volkman",Dental Hygienist
Gardy,Chaunce,39.4,Wisozk LLC,Junior Executive
Garvin,Hamon,46.78,Kilback LLC,Operator
Astrix,Joanaud,44.53,Gibson LLC,Graphic Designer
Quillan,Rugge,25.09,Rath Group,Computer Systems Analyst II
Lorena,Cooke,45.12,"Prohaska, Jacobs and Reichert",Senior Quality Engineer
Marve,Mosey,30.36,"Rowe, Erdman and Gleichner",Electrical Engineer
Drusie,Holme,28.25,"Beatty, Rogahn and Labadie",Senior Sales Associate
Christos,Lynd,34.16,"Schimmel, Erdman and Hamill",Structural Analysis Engineer
Vassily,Pattini,40.78,Howell-Stanton,VP Quality Control
Alyda,Blumfield,36.83,"Gutkowski, Nienow and Cassin",Compensation Analyst
Sacha,Pheasey,42.09,Kohler-Heathcote,Research Assistant III
Marybeth,Ivey,31.69,MacGyver and Sons,GIS Technical Architect
Sigfrid,Tourle,41.78,Hauck and Sons,Information Systems Manager
Muhammad,Beamont,27.87,"Gerlach, Strosin and Crist",Assistant Media Planner
Trip,Gwyn,44.82,"Koch, Lang and Durgan",Staff Accountant III
Dilly,Vedmore,41.86,Abernathy LLC,Social Worker
Jane,Belshaw,46.71,Kulas Inc,Sales Representative
Timotheus,Robertacci,32.81,Quitzon Group,Project Manager
Den,Basilone,33.81,Lesch-Murazik,Automation Specialist III
Margaretha,Jahnke,30.6,"Okuneva, Crona and Willms",Dental Hygienist
Kirsten,Orman,37.6,Price Group,Software Test Engineer III
Gretel,Filppetti,27.93,Donnelly-Stokes,Operator
Karney,Farndon,38.22,Lehner-Prohaska,Help Desk Operator
Franny,Pinnock,41.48,Lubowitz and Sons,Recruiting Manager
Hannis,Gehrels,41.55,"Nienow, Becker and Lakin",Programmer IV
Coral,Splaven,32.27,"Borer, Will and Ryan",Senior Editor
Ugo,Burnup,32.3,Nicolas Inc,Payment Adjustment Coordinator
Mayer,Youngman,39.66,Frami-Ratke,Research Nurse
Hort,Malshinger,42.4,Veum Inc,Staff Accountant I
Tracie,Dubock,35.39,Stiedemann-Bernhard,Administrative Officer
Marshall,Happert,39.79,"Roberts, Kovacek and Schaden",Engineer III
Jacquelin,Aymer,33.07,"Kulas, Franecki and McLaughlin",Internal Auditor
Dannel,Fodden,27.79,"Schaden, Dicki and Mayer",Tax Accountant
Abrahan,Christol,25.32,"Bradtke, Mills and McDermott",Senior Financial Analyst
Oliver,Rusted,29.15,Willms Inc,Senior Financial Analyst
Persis,Durkin,25.26,"Torp, Barton and Goldner",Community Outreach Specialist
Dominica,Neward,28.86,Stehr Group,Engineer III
Adrianna,Hedman,32.49,"Johnson, Mraz and Satterfield",Operator
Rora,Marshalleck,26.75,Torphy Inc,Accounting Assistant II
Andie,Coryndon,36.98,Greenholt-Kutch,Account Coordinator
Dulci,Giacomozzo,41.94,Hirthe LLC,Administrative Assistant II
Minni,Fromont,32.36,"Considine, Zieme and Bogisich",Internal Auditor
Shani,Alesi,43.0,"Daniel, Hudson and Howell",Programmer Analyst II
Archibald,Skillicorn,46.4,"Kihn, Kerluke and Hoppe",Human Resources Assistant I
Bonnee,Vicar,31.0,Torp Inc,Graphic Designer
Ky,Pridie,33.81,Schiller Inc,Help Desk Technician
Rog,Rasmus,45.28,Ondricka Group,Legal Assistant
Rhody,Spehr,28.04,Kozey Group,Librarian
Vincenty,Costerd,39.33,Hermann LLC,Graphic Designer
Pam,Ladson,41.52,Conn Inc,Staff Accountant II
Lucinda,Acheson,38.35,"Streich, Stehr and Torphy",Professor
Goldy,Milkins,45.59,Mertz-Ortiz,Graphic Designer
Rene,Sperring,42.94,Prohaska Group,Quality Engineer
Clementius,Odlin,30.3,Wilderman-Trantow,Human Resources Manager
Paul,Doreward,46.49,"Gorczany, Zboncak and Howell",Mechanical Systems Engineer
Miller,Ruston,36.74,Romaguera-Heidenreich,Cost Accountant
Roch,Khristoforov,42.78,Conn Inc,Quality Control Specialist
Corella,Paradis,44.52,Reichel Inc,Software Test Engineer III
Broderick,Cattemull,42.42,Beahan LLC,Sales Associate
Vicki,Marvel,30.32,Huel LLC,Teacher
Carissa,Bummfrey,36.86,Collier Group,Occupational Therapist
Bird,Mathiasen,30.02,Crona-Lang,Marketing Manager
Denna,Winkell,31.63,Kuhn Group,Actuary
Cart,Boncore,38.03,"Kiehn, Schroeder and Rohan",Programmer Analyst I
Morgan,Hodgen,33.57,"Kling, Baumbach and Romaguera",Account Coordinator
Ash,Guilliatt,34.91,Boyer-Davis,Budget/Accounting Analyst I
Warden,de Quesne,40.13,Rice and Sons,Technical Writer
Erinn,Tobias,28.18,Parker-Yost,Account Representative I
Martynne,Kobieriecki,33.53,"Glover, Barton and Bernhard",Editor
Amalita,Golda,27.56,Friesen Group,VP Sales
Jacynth,Garrick,30.3,Hickle LLC,Assistant Manager
Justine,Manford,46.09,"Kihn, McCullough and Douglas",Environmental Specialist
Tybalt,Eschalette,28.64,"Bradtke, Dietrich and Thiel",Media Manager I
Nicola,Gayforth,43.92,"Veum, Green and Bogan",VP Quality Control
Ortensia,Martyn,38.87,"Gulgowski, Brekke and Purdy",Environmental Tech
Bank,Shurville,38.09,O'Keefe-Schneider,Staff Accountant II
Tallulah,Rides,28.96,Gottlieb-Boyer,Research Nurse
Orion,Timoney,38.82,Veum-Towne,Payment Adjustment Coordinator
Garrik,Toffanini,44.11,Harvey-Shanahan,Engineer I
Rodger,Asty,43.53,Kunde Inc,Health Coach IV
Daphene,Scardafield,28.63,"Shields, Kessler and Dickinson",Assistant Media Planner
Cherice,Packwood,26.65,"Gerlach, Bailey and Swift",Chemical Engineer
Silvain,Firle,32.79,O'Conner-Turcotte,Occupational Therapist
Ulrika,Gannaway,37.89,O'Conner-Hammes,Social Worker
Ivan,Worswick,27.15,Haley LLC,Programmer III
Jordana,Ackred,30.57,Will and Sons,Design Engineer
Jemmie,Skill,27.12,Wisozk LLC,Senior Sales Associate
Budd,Pieper,46.13,"Mann, Blick and Paucek",Systems Administrator II
Winni,Boissieux,31.92,Bosco-Mosciski,Director of Sales
Sheff,Bysh,40.08,Kreiger LLC,Administrative Officer
Caprice,Athowe,35.86,Pacocha and Sons,Electrical Engineer
Debee,Huikerby,44.53,O'Reilly-Berge,Occupational Therapist
Morry,Bilney,45.93,Wolff LLC,Staff Accountant IV
Pamela,O'Suaird,42.57,Farrell LLC,Sales Representative
Alix,Terbeck,42.32,Hansen and Sons,Web Designer III
Norean,Myhill,37.92,Bartoletti-Turcotte,Software Test Engineer III
Nerissa,Mathis,45.38,Thiel LLC,Quality Engineer
Loise,Sings,30.44,Mertz Group,Editor
Ikey,Slyne,36.77,Kunze-Tillman,Community Outreach Specialist
Julee,Fouch,25.26,Beahan-Marvin,Food Chemist
Clevey,Jaeggi,26.0,Koss-Stoltenberg,Financial Analyst
Yvon,Gisburn,31.16,"Bernhard, Bogisich and Leannon",Mechanical Systems Engineer
Miguel,Corley,32.07,MacGyver-Jones,Internal Auditor
Ellary,Echallie,28.66,"Towne, Braun and Flatley",Professor
Maury,Scamp,34.36,Jast-Maggio,Food Chemist
Willamina,Mugglestone,27.06,Wehner Inc,Systems Administrator IV
Portia,Stickland,42.39,Mitchell-Cole,Technical Writer
Dulsea,Sichardt,27.39,Bayer-King,Web Designer II
Salomo,Obeney,40.51,"Marquardt, Spencer and Leannon",Junior Executive
Valaree,Pyrton,47.89,Hahn-Reynolds,Legal Assistant
Charline,Daymont,34.99,"Legros, Bailey and Batz",Desktop Support Technician
Mari,McGreil,36.88,"Morissette, Feest and Leannon",Librarian
Rocky,Ealden,47.34,Koepp-Zieme,Financial Analyst
Allyson,Nipper,29.04,"Aufderhar, Nicolas and Wehner",VP Sales
Faythe,Iohananof,47.76,Runolfsson-Dibbert,Help Desk Technician
Dorian,Tarr,37.58,Steuber Inc,Compensation Analyst
Concettina,Beane,46.68,"Stracke, Okuneva and Jerde",Electrical Engineer
Ches,Dacre,37.01,Lakin-Heller,Computer Systems Analyst IV
Felicle,Ziem,27.93,"Dibbert, Conroy and Bogan",Human Resources Assistant II
Dita,Gordge,35.15,Hane-Stehr,Structural Engineer
Brynn,Tebbitt,30.21,Sanford-Goodwin,Marketing Assistant
Lanita,Ashpital,46.94,Roberts-Pollich,Electrical Engineer
Hollie,Englefield,37.55,"Heidenreich, Legros and Gusikowski",Recruiter
Darsey,Salkild,27.98,"Schowalter, Robel and Daugherty",Software Engineer I
Leeland,Gaize,47.16,Oberbrunner and Sons,Director of Sales
Glynn,Meardon,47.99,Predovic LLC,VP Sales
Marco,Michieli,45.76,Rau Inc,Editor
Fionnula,Bartos,39.61,McDermott-Kertzmann,Web Designer III
Zorina,Purrington,25.55,"Rohan, Greenholt and Spencer",Developer I
Seka,Bontein,47.41,Flatley-Kozey,Dental Hygienist
Sigfried,Bagg,45.6,Goldner-Schuster,Database Administrator I
Wade,Thairs,27.33,Hodkiewicz Inc,Nurse Practicioner
Gunter,Habron,26.96,Abernathy LLC,Registered Nurse
Alonzo,McGriele,37.96,"Dickinson, Morar and Christiansen",Nuclear Power Engineer
Mandie,Savill,30.0,Larkin Group,Account Representative II
Scot,Wyrill,37.42,West LLC,GIS Technical Architect
Gianna,Amber,30.35,Hintz LLC,Help Desk Technician
Fonzie,Hargreaves,34.29,Bogan Group,Account Representative III
Mallory,Achromov,25.46,Cremin-Smith,Food Chemist
Kareem,Ferrand,29.61,"Weber, Douglas and Leffler",Account Coordinator
Claire,Ollive,27.11,Altenwerth-Rutherford,Senior Developer
Kimberlyn,Triggel,43.51,"Kling, Wisoky and Yost",Professor
Hephzibah,Culley,42.56,Pollich-Gutmann,Civil Engineer
Rosalyn,Listone,45.88,Windler and Sons,Quality Engineer
Eda,Bonnin,43.92,Fisher-Huels,Legal Assistant
Peg,Amoss,43.39,Farrell and Sons,Structural Engineer
Felix,Meakin,38.27,Orn Inc,Professor
Thia,Korf,38.01,Hauck Inc,Chief Design Engineer
Curran,Wilsey,47.44,"Russel, Kihn and Donnelly",Research Nurse
Emlynne,Lawles,32.72,Fritsch-Upton,Software Engineer I
Dorelle,Paddeley,45.47,Robel-Rice,Chief Design Engineer
Farand,Teresi,39.36,Hartmann-Sporer,Data Coordinator
Vinni,Maggs,27.05,"Durgan, Monahan and Fisher",Senior Quality Engineer
Halley,Wilflinger,25.3,Howe and Sons,Research Nurse
Derrick,MacGowing,38.48,Lakin Group,Account Coordinator
Karena,Punter,31.4,Schmidt and Sons,Operator
Jaymie,Hubbuck,38.61,Cronin-Kub,Help Desk Operator
Rriocard,Corley,31.72,Lemke-Connelly,Media Manager IV
Sidonnie,Finnigan,44.58,Koelpin Inc,Assistant Manager
Garvy,Kelsell,38.8,Heaney LLC,Payment Adjustment Coordinator
Nissy,Byrch,37.86,Olson-Smitham,Accountant III
Tracie,Mannix,38.0,Kunde-Hammes,Internal Auditor
Kenton,Bodiam,42.09,Kautzer-Strosin,Marketing Assistant
Adelbert,Jado,45.84,Littel-Dooley,Pharmacist
Nerita,Boog,41.6,"Bauch, Douglas and Anderson",Nurse Practicioner
Gerhardine,Tune,39.19,"Hilll, Yundt and Schaefer",Senior Sales Associate
Joice,McNabb,31.3,"Lesch, Sipes and Sauer",Software Test Engineer I
Marleen,Roelofsen,32.84,Stracke-Torp,Nurse
Florri,Zanioletti,34.0,"Flatley, Leffler and Batz",Media Manager I
Antonetta,Muddiman,36.83,"Fisher, Kassulke and Jones",Legal Assistant
Connie,Plaid,33.8,"Ruecker, Osinski and Corwin",Biostatistician I
Riordan,McLean,36.65,Dach-McLaughlin,Developer III
Rebecka,Yallowley,33.79,Von Inc,Human Resources Manager
Taite,Veryard,34.6,Marvin Group,Senior Editor
Jaimie,Tockell,28.31,Davis-Lynch,Pharmacist
Kitty,Luberti,38.83,"Spencer, Stiedemann and Jakubowski",Business Systems Development Analyst
Lorie,Lorans,29.54,Hoppe Inc,Help Desk Operator
Janith,Wickerson,35.56,"Lang, Collins and Rosenbaum",Actuary
Forrester,Wolfinger,25.86,"Boyle, Wiza and Wilkinson",Computer Systems Analyst IV
Ursa,Keningley,32.63,Cummerata-Turcotte,Occupational Therapist
Ozzy,Crackett,46.28,Williamson and Sons,Assistant Manager
Mordy,Hyett,27.95,"Bins, Walsh and Russel",Human Resources Manager
Jobye,Dragonette,35.46,Bernhard LLC,Payment Adjustment Coordinator
Leonardo,Renner,46.89,"Bernhard, Krajcik and Kuhic",Editor
Alex,Eadmeads,39.86,"Pfannerstill, Lynch and Fisher",Automation Specialist IV
Nathanil,Simonot,44.94,Schultz-White,Human Resources Manager
Shay,Oakenfall,26.2,Ritchie-Moen,VP Quality Control
Mack,Jouanet,43.53,Keeling Inc,Office Assistant IV
Brit,Downham,45.39,Torphy Group,Nuclear Power Engineer
Radcliffe,Thirst,30.25,Williamson-Gleason,Account Representative IV
Marc,Maddra,33.17,"Trantow, Hagenes and Rutherford",VP Quality Control
Jenna,Yedall,33.73,Hammes Group,VP Product Management
Neville,Halpeine,43.17,"Quitzon, Schiller and Olson",Dental Hygienist
Jonah,Dando,39.06,Nicolas-Barrows,Tax Accountant
Myra,D'Antuoni,33.06,"Marks, Kiehn and Ritchie",Community Outreach Specialist
Steffane,Hould,35.11,Nicolas Group,Help Desk Operator
Rossy,Seely,43.94,Hammes-Goldner,Structural Analysis Engineer
Ingeberg,Glossop,39.69,Rice-McGlynn,Environmental Tech
Aime,Binstead,36.51,Ondricka and Sons,Systems Administrator IV
Alwyn,Pestor,36.32,Dibbert-Stiedemann,Data Coordinator
Lucias,Ipsgrave,34.63,Hansen-Grady,Editor
Lebbie,Terran,26.66,Botsford Group,Community Outreach Specialist
Donny,Full,33.28,"Gulgowski, Green and Bode",Automation Specialist III
Lottie,Schott,42.37,"Farrell, Spencer and Lowe",Quality Engineer
Archaimbaud,Batteson,29.9,"Becker, Wolff and Rodriguez",Analog Circuit Design manager
Derk,Sendall,27.22,Gibson Inc,Marketing Assistant
Caitlin,Hinder,39.45,Feeney Group,Payment Adjustment Coordinator
Roderic,Salmen,32.46,Veum LLC,Budget/Accounting Analyst IV
Crystal,Stelfax,26.97,"Goodwin, Dicki and Hand",Editor
Tresa,Scrauniage,34.15,Homenick-Rath,Food Chemist
Claudie,Aizikowitz,35.0,Stroman-Rippin,Junior Executive
Justis,Cleen,34.74,Brakus and Sons,GIS Technical Architect
Fremont,Vint,42.69,"Wuckert, Metz and Larkin",Automation Specialist III
Jerrine,Draper,45.47,McClure Group,Quality Engineer
Latrena,Tersay,46.96,Renner LLC,Business Systems Development Analyst
Minny,Ludlow,26.65,"Hermann, Ullrich and Ondricka",Human Resources Manager
Sloane,Healings,25.75,"Abbott, Berge and Gerlach",Environmental Tech
Hermina,Storcke,40.37,Jenkins-Bradtke,Human Resources Assistant IV
Rodger,Follet,42.05,"Beahan, Kris and Hilpert",Business Systems Development Analyst
Bartholemy,Caldwall,46.12,Altenwerth-Beatty,VP Product Management
Margie,Cleary,40.15,"Nitzsche, Rath and Marks",Marketing Assistant
Javier,Eam,41.75,"Schroeder, Leannon and Pfannerstill",Sales Representative
Linnell,Rickeard,35.24,Daugherty and Sons,Civil Engineer
Gerick,Hann,30.36,Gerlach-Weimann,Assistant Professor
Fidelio,Veall,31.43,Lindgren-Toy,Senior Quality Engineer
Lovell,Woolpert,44.06,Ullrich-Barrows,Electrical Engineer
Donall,Douch,46.55,Schiller-Konopelski,Environmental Specialist
Weston,Dyott,34.71,"Tillman, Emmerich and Rogahn",Research Nurse
Elfie,Gillion,43.52,"Miller, Schiller and Denesik",Marketing Manager
Allayne,Wride,31.02,Price-Jenkins,Research Nurse
Berny,Eschalette,34.35,"Corwin, Gusikowski and Rutherford",General Manager
Sharlene,Pavolini,36.48,Prosacco and Sons,Registered Nurse
Adriena,Bold,27.13,"Brown, Funk and Witting",Sales Representative
Walther,Gauch,39.94,"Koss, Breitenberg and Carroll",Recruiting Manager
Wanids,De Laci,25.95,Streich-Pagac,Computer Systems Analyst IV
Sutherland,Ewbanks,46.91,"Padberg, Streich and Price",Programmer II
Gare,Whitcombe,43.45,Carroll-Murray,Technical Writer
Ashlee,Cowherd,44.01,Orn Inc,Business Systems Development Analyst
Jacob,Poleykett,42.38,"Schamberger, Bergstrom and Koss",Speech Pathologist
Alta,Cadwell,38.18,Quigley Inc,Computer Systems Analyst I
Archibaldo,Morrel,47.44,Grady LLC,Web Developer I
Herve,MacAne,39.16,"Renner, Cremin and McKenzie",VP Product Management
Annadiana,Vynall,38.81,Satterfield LLC,Social Worker
Phillie,Hartfleet,40.3,"Corwin, Schaden and Schuster",Analyst Programmer
Odetta,Jindrak,27.66,Gislason-Kessler,Design Engineer
Pieter,Polfer,35.82,Skiles-Ortiz,Staff Scientist
Carey,Biagini,34.24,Erdman-Bergnaum,Media Manager II
Joan,Volet,38.11,Larson-Rosenbaum,Data Coordinator
Berry,Entres,30.74,Schimmel-Waelchi,General Manager
Saw,Arnefield,26.42,Schimmel Inc,Financial Analyst
Durant,Clashe,33.39,"Heathcote, Borer and Brakus",Marketing Manager
Tresa,Onion,32.4,Walsh-Reilly,Business Systems Development Analyst
Revkah,Arunowicz,39.79,Huels LLC,Chemical Engineer
Mariellen,Kissack,42.89,Walker-Schmidt,Electrical Engineer
Kandace,Folbige,32.51,Oberbrunner Group,Director of Sales
Dannye,Pumfrett,43.16,Jenkins LLC,Chief Design Engineer
Mirna,Foss,38.53,Hand-Corwin,Internal Auditor
Zacharias,MacWhirter,33.13,Johnston Group,Quality Control Specialist
Con,Buzin,28.82,Fay-Beier,Research Associate
Teodoro,Fryatt,37.93,Hills-Klocko,Graphic Designer
Myrlene,Musselwhite,37.21,"Lind, Lesch and Fahey",Sales Representative
Norbie,Bernardon,47.37,"Streich, Mueller and Mills",Internal Auditor
Joanna,Cogdell,46.92,Waters-Lakin,Help Desk Technician
Vail,Thieme,28.8,Lindgren-Glover,Data Coordinator
Lazarus,Pedwell,40.95,Little Group,Database Administrator III
Ingar,Dunbobbin,46.21,Zieme LLC,Director of Sales
Hunt,Sturrock,41.8,Bartoletti Inc,Account Representative I
Zerk,Kohrs,28.02,"Ledner, Donnelly and Wuckert",Marketing Manager
