first_name,last_name,SSN,total_hours
Mylo,Campes,652-26-1828,48
Kelwin,Kilfether,543-18-3597,68
Seth,Singyard,465-57-5407,31
Clay,Ramsay,754-20-8036,27
Loretta,Legen,456-69-0109,82
Berkley,Siverns,292-48-5990,69
Stefania,Allam,564-43-1819,70
Cesar,Sandyford,842-76-0642,21
Cindi,Reddecliffe,131-29-6392,86
Nicola,Ellingsworth,709-33-2428,55
Martica,Barradell,200-57-5621,90
Hilary,Fuzzey,431-27-9867,51
Shamus,Jewess,225-62-7094,21
Erie,Ahrens,790-82-7239,48
Dominick,Canizares,130-53-8282,45
Guthry,Peevor,108-92-9647,44
Aurelia,Brownscombe,447-27-0967,36
Fanchon,Benito,654-98-6855,86
Bartel,Hark,585-55-7334,85
Gerti,Waulker,411-15-1707,62
Baldwin,Winstanley,859-14-6389,89
Calypso,Hedau,412-35-4996,100
Alanson,Szabo,891-10-6481,6
Lynn,Scrancher,497-88-0521,5
Evey,Caple,383-52-9214,91
Ron,Loukes,121-46-0405,63
Conrado,Waterland,167-07-3749,6
Gretal,Toun,651-80-0415,8
Zacherie,Coke,596-13-0157,60
Edie,Inchan,250-98-8806,32
Barr,Wyvill,882-77-4327,5
Rey,Dorber,411-56-1234,96
Elysee,Marklin,373-21-5389,66
Fan,Freezer,803-41-9254,7
Joaquin,Greally,503-46-1414,68
Terencio,Hoppner,257-53-0422,72
Jacinthe,Fann,291-99-6554,1
Rob,Todari,102-15-2019,57
Austin,Timeby,352-28-8441,17
Esteban,Euplate,754-16-0492,13
Sukey,Lightoller,799-45-3928,60
Alexandra,Coultish,893-99-8990,72
Austina,Semiraz,345-69-8106,96
Ulises,Gainsborough,542-53-6564,20
Aviva,Pensom,813-60-5412,2
Clevey,Pressman,838-89-7163,95
Katie,Winstanley,681-90-2896,13
Agna,Kirkby,650-86-9122,49
Malanie,Feeney,631-29-0808,62
Ludovico,Barbosa,501-80-6698,43
Enriqueta,Reichhardt,792-43-8717,53
Robbie,Bragg,776-47-7177,8
Lynelle,Maplethorp,729-76-7493,78
Sadie,Daal,516-05-9228,68
Vallie,Housbey,563-93-4589,66
Faustina,Stops,857-48-9694,13
Trixie,Gavrielli,259-91-7109,59
Erena,Blumer,569-43-2100,88
Nadya,Braley,342-01-2577,91
Edgard,Matzeitis,131-62-1544,84
Elena,Merrien,770-86-2064,56
Timmy,Tindall,855-73-0463,65
Tonye,MacPake,568-87-9822,91
Jodee,Bursell,868-82-8754,54
Bobbe,Renon,830-26-9192,96
Krispin,Kelsow,610-99-6659,27
Titus,Hissie,469-55-8729,65
Harrietta,Vyse,169-41-6864,28
Iona,McLean,570-21-2818,61
Cordy,Ansill,219-38-2913,88
Dean,Woodes,408-18-1785,64
Clayborne,Shallcroff,424-45-4119,88
Tull,Ridpath,540-50-0751,10
Salomon,McCandless,850-98-9327,78
Mallissa,Harring,636-18-9270,43
Abbie,Ors,530-94-5744,100
Pearce,Mulroy,873-41-2864,60
Frederik,McTeer,672-41-2054,89
Franny,Barnwill,400-15-6706,62
Ennis,Mosedale,187-54-7195,65
Victoria,Stilgo,500-43-3828,76
Pooh,Troillet,236-01-9350,97
Bird,Guido,266-75-2340,54
Johnnie,Osmund,356-21-5767,45
Chelsy,Corten,825-22-9174,10
Peggy,Mingay,874-53-1043,89
Carson,Brigge,518-31-6048,87
Marlo,Carhart,798-25-3387,36
Kassandra,Hovell,214-54-0215,59
Janaya,Pfeffle,881-19-9057,20
Ellswerth,Downton,545-60-5321,66
Ashlie,Smither,890-72-4211,19
Link,Ingledow,690-83-7663,65
Titos,Aksell,469-89-2052,32
Adan,Ortelt,150-74-3705,30
Natalina,Cremer,132-65-5870,60
Pryce,Josephov,632-16-8990,30
Alverta,Isted,462-74-7199,19
Dewain,Paine,563-06-2345,86
Ferris,Rappaport,657-82-3767,54
Cortie,Tithecote,185-38-0227,87
Ericka,Aldwich,832-02-7704,86
Poppy,Edgeon,118-36-0935,30
Marlo,Biasotti,701-13-1165,56
Lexis,Bergeau,532-92-5828,99
Mame,Barabich,627-39-7061,76
Tremaine,Jurkowski,279-09-6677,100
Ranique,McMillan,289-83-2824,29
Ines,Westphalen,654-25-2930,15
Ferd,Beernaert,257-63-0456,2
Eilis,Jaslem,254-18-6708,25
Phyllys,Donaldson,664-35-7394,3
Honey,Sidney,344-59-6749,8
Dedra,Suggate,412-51-6073,42
Rozanne,Mattock,485-31-7628,20
Sara-ann,D'Andrea,216-45-2624,74
Arin,Morrell,573-92-3047,99
Huntington,Tromans,778-25-0717,42
Margareta,Le Fevre,800-36-9794,56
Agosto,Chelam,892-40-7265,49
Henka,Kennelly,434-18-9308,31
Jeanine,Wrintmore,457-34-8882,70
Skell,Longina,875-28-7826,39
Amandi,Reddan,595-66-9254,74
Kati,Ritchley,214-18-9908,14
Louie,Ewbach,294-95-7474,77
Abdul,Dod,278-32-7925,19
Tripp,McKeurtan,656-65-1638,4
Armand,Buckeridge,632-62-6476,41
Esme,Melrose,159-98-7442,90
Loreen,Rattry,154-63-8263,78
Angeli,Brittoner,677-25-6966,87
Barbabas,Pullin,874-70-2462,82
Zola,Janda,542-17-2430,57
Meriel,Lowin,267-20-8303,66
Merrielle,Corsor,431-97-6140,56
Ruttger,Eatock,594-53-5359,29
Margo,Blunden,757-34-8429,43
Jerrie,Clogg,827-17-9073,8
Toddy,Bessom,371-20-7870,98
Harcourt,Gorbell,490-89-5745,67
Milicent,Such,603-58-0750,46
Hugh,Churly,505-61-5759,74
Korrie,Tedder,289-38-3113,55
Byron,Eltringham,680-33-5688,28
Tom,Trafford,116-33-6656,13
Vonnie,Halliberton,298-52-8125,84
Camille,Swetman,143-90-5880,65
Luci,Wennam,804-37-2824,15
Wendy,Wharmby,633-10-4255,96
Ardyce,Chene,316-58-2664,96
Easter,Balint,636-95-4774,53
Ryan,Gerrad,211-71-0792,42
Ian,Fairnie,107-25-1226,56
Loella,Pargiter,386-74-1372,66
Sada,Morde,498-66-9333,23
Glenden,Tailour,342-65-8357,33
Donica,Sant,153-10-5513,31
Gusti,Gunn,342-95-6067,81
Godiva,Cradduck,576-85-0750,76
Kattie,Thonason,649-95-7544,69
Idell,Raulin,867-07-5053,84
Jaquenette,Dowe,806-57-6107,64
Jaimie,Goude,800-71-9717,72
Briny,Kilfeder,689-01-0768,78
Tudor,Titterrell,438-46-1813,76
Rebeka,Strutley,789-72-2902,34
Kristi,Romera,740-30-8266,2
Britt,Bratchell,353-83-7088,8
Dorie,Blindmann,160-13-0351,31
Tabbitha,Whiscard,689-03-4145,40
Barnie,Bonner,503-75-9553,51
Delmar,Champney,291-45-1980,10
Jacynth,Balthasar,180-46-0788,62
Geordie,Fremantle,647-15-7391,44
Gwen,Beames,779-19-4724,24
Kellyann,Bedboro,295-40-6398,6
Blisse,Smaridge,139-39-4525,8
Stormie,Shapter,573-55-7368,95
Mavra,MattiCCI,590-36-7908,21
Katine,Cromblehome,367-37-3147,94
Scott,Aronstein,128-84-2107,50
Wenonah,Viger,570-75-9889,18
Currey,Medling,205-18-7648,69
Jerrold,Reynolds,892-93-9549,95
Mychal,Beed,192-07-5065,60
Lefty,Hammand,109-69-8247,92
Millicent,Cuming,202-57-4041,36
Loralie,Boshers,546-29-6291,24
Sol,Gillam,878-21-3457,43
Lorene,Climie,860-40-5288,47
Karlee,Aldren,452-77-1363,38
Christy,Sheraton,243-79-6974,78
Margalo,Georgeou,183-33-6942,16
Elijah,Saltwell,765-22-0373,12
Stacee,Kik,135-43-7506,68
Merralee,Heinlein,177-92-8602,68
Daryle,Rubertis,689-20-3059,57
Romola,Dakers,363-78-8468,38
Spense,Solland,687-69-0507,62
